-- =============================================================================
-- 시드 데이터 (개발/시연용)
--   카테고리 5, 상품 8(품절 1·전화문의 2·NEW 배지 2), 공지 3, 시공사례 4, 배너 1
--   + 사이트 설정 몇 건(회사정보/계좌/배송 문구 — 하드코딩 금지 원칙)
--
-- 적용: Supabase SQL Editor 에 붙여넣기 또는 MCP execute_sql (데이터라 스키마 규칙과 무관).
--       로컬 리셋 시에는 supabase db reset 이 자동 실행. 재실행 안전(ON CONFLICT).
-- 주의: auth.users 에 직접 INSERT 하지 않는다. admin 계정은 회원가입 후 승격(README 참조).
--
-- 배지 표기: 스키마에 badge 컬럼이 없으므로(별도 컬럼 신설은 스펙 밖) "NEW" 배지는
--   created_at 최신 2건으로 UI 에서 파생 표기한다 → 아래 P1, P3 를 가장 최근으로 둠.
-- 이미지 URL 은 placehold.co 플레이스홀더 (실제 업로드는 Storage 연동 후 교체).
-- =============================================================================

-- ---- 카테고리 5 (확정) -----------------------------------------------------
insert into public.categories (id, name, sort_order, is_visible) values
	('a0000000-0000-0000-0000-000000000001', '장애인편의시설', 1, true),
	('a0000000-0000-0000-0000-000000000002', '점자블럭', 2, true),
	('a0000000-0000-0000-0000-000000000003', '카스토퍼·주차안전', 3, true),
	('a0000000-0000-0000-0000-000000000004', '핸드레일', 4, true),
	('a0000000-0000-0000-0000-000000000005', '촉지판·안내판', 5, true)
on conflict (id) do nothing;

-- ---- 상품 8 ----------------------------------------------------------------
-- P1 NEW(최신), P3 NEW(최신) / P4·P7 전화문의(price null+hidden) / P5 품절
insert into public.products (id, category_id, name, price, is_price_hidden, status, description_html, created_at, updated_at) values
	('b0000000-0000-0000-0000-000000000001', 'a0000000-0000-0000-0000-000000000001', '실내용 이동식 알루미늄 경사로 90cm', 89000, false, 'on_sale',
		'<p>가볍고 튼튼한 알루미늄 이동식 경사로입니다. 문턱·현관 단차 해소에 적합합니다.</p>', '2026-07-06 10:00:00+09', '2026-07-06 10:00:00+09'),
	('b0000000-0000-0000-0000-000000000002', 'a0000000-0000-0000-0000-000000000001', '고무 문턱 경사블록 (단차 4cm)', 34000, false, 'on_sale',
		'<p>미끄럼 방지 고무 재질 문턱 경사블록. 실내외 겸용.</p>', '2026-06-20 10:00:00+09', '2026-06-20 10:00:00+09'),
	('b0000000-0000-0000-0000-000000000003', 'a0000000-0000-0000-0000-000000000004', 'ㄱ자 스테인리스 안전손잡이 30cm', 42000, false, 'on_sale',
		'<p>욕실·화장실용 ㄱ자 안전손잡이. 스테인리스 무광 마감.</p>', '2026-07-05 10:00:00+09', '2026-07-05 10:00:00+09'),
	('b0000000-0000-0000-0000-000000000004', 'a0000000-0000-0000-0000-000000000004', '맞춤 시공형 복도 안전손잡이 (연속형)', null, true, 'on_sale',
		'<p>현장 실측 후 길이에 맞춰 제작·시공하는 연속형 안전손잡이입니다. 가격은 전화 문의.</p>', '2026-06-15 10:00:00+09', '2026-06-15 10:00:00+09'),
	('b0000000-0000-0000-0000-000000000005', 'a0000000-0000-0000-0000-000000000003', '실내 계단용 논슬립 미끄럼방지 테이프 5m', 12000, false, 'sold_out',
		'<p>계단·경사면용 강력 접착 논슬립 테이프.</p>', '2026-06-10 10:00:00+09', '2026-06-10 10:00:00+09'),
	('b0000000-0000-0000-0000-000000000006', 'a0000000-0000-0000-0000-000000000001', '욕실용 미끄럼방지 안전매트', 28000, false, 'on_sale',
		'<p>흡착식 욕실 안전매트. 배수 홀 설계.</p>', '2026-06-05 10:00:00+09', '2026-06-05 10:00:00+09'),
	('b0000000-0000-0000-0000-000000000007', 'a0000000-0000-0000-0000-000000000002', '황동 점자블록 (점형/선형) 규격별', null, true, 'on_sale',
		'<p>보도·건물 출입구용 황동 점자블록. 규격/수량에 따라 견적 상이 — 전화 문의.</p>', '2026-06-01 10:00:00+09', '2026-06-01 10:00:00+09'),
	('b0000000-0000-0000-0000-000000000008', 'a0000000-0000-0000-0000-000000000005', '휴대용 개인 안전 경보기', 19000, false, 'on_sale',
		'<p>고령자·보행 약자용 휴대 경보기. 끈을 당기면 큰 소리로 경보.</p>', '2026-05-25 10:00:00+09', '2026-05-25 10:00:00+09')
on conflict (id) do nothing;

-- ---- 상품 이미지 (썸네일 각 1) ---------------------------------------------
insert into public.product_images (product_id, url, original_name, sort_order, is_thumbnail) values
	('b0000000-0000-0000-0000-000000000001', 'https://placehold.co/600x600/1F3864/FFFFFF/png?text=Ramp+90', '경사로90.jpg', 0, true),
	('b0000000-0000-0000-0000-000000000002', 'https://placehold.co/600x600/1F3864/FFFFFF/png?text=Threshold', '문턱블록.jpg', 0, true),
	('b0000000-0000-0000-0000-000000000003', 'https://placehold.co/600x600/1F3864/FFFFFF/png?text=Handle', '손잡이.jpg', 0, true),
	('b0000000-0000-0000-0000-000000000004', 'https://placehold.co/600x600/1F3864/FFFFFF/png?text=Corridor', '복도손잡이.jpg', 0, true),
	('b0000000-0000-0000-0000-000000000005', 'https://placehold.co/600x600/1F3864/FFFFFF/png?text=NonSlip', '논슬립.jpg', 0, true),
	('b0000000-0000-0000-0000-000000000006', 'https://placehold.co/600x600/1F3864/FFFFFF/png?text=BathMat', '안전매트.jpg', 0, true),
	('b0000000-0000-0000-0000-000000000007', 'https://placehold.co/600x600/1F3864/FFFFFF/png?text=Braille', '점자블록.jpg', 0, true),
	('b0000000-0000-0000-0000-000000000008', 'https://placehold.co/600x600/1F3864/FFFFFF/png?text=Alarm', '경보기.jpg', 0, true)
on conflict do nothing;

-- ---- 상품 옵션 (일부 상품) -------------------------------------------------
insert into public.product_options (product_id, name, extra_price, sort_order, is_sold_out) values
	('b0000000-0000-0000-0000-000000000001', '90cm', 0, 0, false),
	('b0000000-0000-0000-0000-000000000001', '120cm', 25000, 1, false),
	('b0000000-0000-0000-0000-000000000003', '30cm', 0, 0, false),
	('b0000000-0000-0000-0000-000000000003', '40cm', 6000, 1, false)
on conflict do nothing;

-- ---- 공지 3 (첫 건 고정) ---------------------------------------------------
insert into public.posts (id, board_type, title, content_html, is_pinned, is_visible, created_at) values
	('c0000000-0000-0000-0000-000000000001', 'notice', '[안내] 무통장입금 주문 및 배송 안내', '<p>현재 결제는 무통장입금만 지원합니다. 입금 확인 후 배송이 시작됩니다.</p>', true, true, '2026-07-01 09:00:00+09'),
	('c0000000-0000-0000-0000-000000000002', 'notice', '여름 휴무 및 배송 지연 안내', '<p>7월 넷째 주 일부 배송이 지연될 수 있습니다.</p>', false, true, '2026-06-25 09:00:00+09'),
	('c0000000-0000-0000-0000-000000000003', 'notice', '시공 견적 문의 방법 안내', '<p>시공·견적은 고객센터 문의하기 또는 전화(010-4055-3338)로 접수해 주세요.</p>', false, true, '2026-06-18 09:00:00+09')
on conflict (id) do nothing;

-- ---- 시공사례 4 ------------------------------------------------------------
insert into public.posts (id, board_type, title, content_html, is_pinned, is_visible, created_at) values
	('d0000000-0000-0000-0000-000000000001', 'case', '부산 ○○ 주민센터 경사로 시공', '<p>출입구 단차 해소 경사로 설치 사례입니다.</p>', false, true, '2026-06-30 09:00:00+09'),
	('d0000000-0000-0000-0000-000000000002', 'case', '해운대 ○○ 아파트 복도 안전손잡이 시공', '<p>연속형 복도 안전손잡이 시공 사례.</p>', false, true, '2026-06-22 09:00:00+09'),
	('d0000000-0000-0000-0000-000000000003', 'case', '○○ 요양원 욕실 미끄럼방지 시공', '<p>욕실 전체 미끄럼방지 매트·손잡이 시공.</p>', false, true, '2026-06-12 09:00:00+09'),
	('d0000000-0000-0000-0000-000000000004', 'case', '○○ 초등학교 점자블록 유도로 시공', '<p>교내 보행 유도 점자블록 시공 사례.</p>', false, true, '2026-06-02 09:00:00+09')
on conflict (id) do nothing;

-- 시공사례 이미지 (사례당 2장)
insert into public.post_images (post_id, url, sort_order) values
	('d0000000-0000-0000-0000-000000000001', 'https://placehold.co/800x600/1F3864/FFFFFF/png?text=Case1-1', 0),
	('d0000000-0000-0000-0000-000000000001', 'https://placehold.co/800x600/1F3864/FFFFFF/png?text=Case1-2', 1),
	('d0000000-0000-0000-0000-000000000002', 'https://placehold.co/800x600/1F3864/FFFFFF/png?text=Case2-1', 0),
	('d0000000-0000-0000-0000-000000000002', 'https://placehold.co/800x600/1F3864/FFFFFF/png?text=Case2-2', 1),
	('d0000000-0000-0000-0000-000000000003', 'https://placehold.co/800x600/1F3864/FFFFFF/png?text=Case3-1', 0),
	('d0000000-0000-0000-0000-000000000003', 'https://placehold.co/800x600/1F3864/FFFFFF/png?text=Case3-2', 1),
	('d0000000-0000-0000-0000-000000000004', 'https://placehold.co/800x600/1F3864/FFFFFF/png?text=Case4-1', 0),
	('d0000000-0000-0000-0000-000000000004', 'https://placehold.co/800x600/1F3864/FFFFFF/png?text=Case4-2', 1)
on conflict do nothing;

-- ---- 배너 1 ----------------------------------------------------------------
insert into public.banners (id, image_url, link_url, sort_order, is_visible) values
	('e0000000-0000-0000-0000-000000000001', 'https://placehold.co/1200x400/1F3864/F2B705/png?text=Tantan+Safety', '/products', 0, true)
on conflict (id) do nothing;

-- ---- 사이트 설정 (문구 하드코딩 금지 → DB 관리) -----------------------------
insert into public.site_settings (key, value) values
	('company', '{"name":"탄탄","ceo":"황희춘","tel":"010-4055-3338","biz_no":"793-09-02836","address":"부산광역시 수영구 과정로15번길 8-1, 1층 (망미동)"}'::jsonb),
	('bank_account', '{"bank":"","holder":"탄탄","number":""}'::jsonb),
	('shipping', '{"notice":"배송비 정책은 상품/지역에 따라 상이합니다. 문의해 주세요."}'::jsonb)
on conflict (key) do nothing;
